method,obstacle_speed_m_per_s,random_seed,success,goal_and_formation_completed,completion_time_s,minimum_obstacle_clearance_m,minimum_inter_uav_distance_m,mean_formation_error_m,max_formation_error_m,final_formation_error_m,formation_recovery_time_s,formation_recovered,total_flight_distance_m,obstacle_collision_count,uav_collision_count,total_collision_count,dynamic_max_abs_roll_deg,dynamic_max_abs_pitch_deg,attitude_change_rms_deg_per_s,max_actual_speed_m_per_s,simulation_exception,error_message
current_position,0.5,7,True,True,20.650000000000002,1.697540519552536,3.9976843861291167,4.077297599393882,5.306289329275672,0.9945601157990402,8.600000000000001,True,249.0436926260239,0,0,0,1.6058986046190333,0.5060046257615449,5.453382315510252,3.0,False,
current_position,0.5,19,True,True,20.650000000000002,1.697077693529142,3.9899533911204856,4.009114772460559,5.309577037854396,0.9944249286217461,8.600000000000001,True,245.937664616097,0,0,0,1.6073816778747374,0.5056713098751912,10.122734796635154,3.0,False,
current_position,0.5,42,True,True,20.650000000000002,1.696054791580644,4.000000409900172,3.986234784581692,5.304241050006925,0.9944302859968892,8.600000000000001,True,244.7192151290538,0,0,0,1.6117082249626087,0.5076318736078121,10.226799765904541,3.0,False,
current_position,0.5,73,True,True,20.650000000000002,1.6960226461897994,2.2959265489291285,3.9674859319069533,5.298694210981864,0.9942782171621969,8.600000000000001,True,243.7485639514738,0,0,0,1.6122042598960902,0.5092459479057747,10.56084218781031,3.0,False,
current_position,0.5,91,True,True,20.650000000000002,1.6957590998670515,4.000000236203423,4.075864037040867,5.30273269684141,0.9944980776040107,8.600000000000001,True,248.8977418759028,0,0,0,1.6128876175010791,0.508403996648149,5.641679901994659,3.0,False,
predicted_position,0.5,7,True,True,20.700000000000003,1.8999740964848655,3.9976843861291167,4.107837538191073,5.594506269727585,0.9841817807186475,8.55,True,249.34404089699723,0,0,0,2.510064234196756,0.9678541495203967,5.5486584913072505,2.9999999999999973,False,
predicted_position,0.5,19,True,True,20.700000000000003,1.8995890719390658,3.9899533911204856,4.039698962013776,5.59839302412115,0.9840081089876729,8.55,True,246.23756827070753,0,0,0,2.512538860006205,0.9712080964900642,10.168533862938085,2.9999999999999973,False,
predicted_position,0.5,42,True,True,20.700000000000003,1.899065101571061,4.000000399407985,4.017080207295012,5.59414095582801,0.9840699341182002,8.55,True,245.02030022709835,0,0,0,2.5238785396684777,0.9713673237772159,10.272205645830123,2.9999999999999973,False,
predicted_position,0.5,73,True,True,20.700000000000003,1.8990482110392486,2.2959265489291285,3.9983688673619797,5.586863196673009,0.9839062508556613,8.55,True,244.04985721634773,0,0,0,2.5225200622671196,0.9652277453159916,10.60430792492546,2.9999999999999973,False,
predicted_position,0.5,91,True,True,20.700000000000003,1.8987450225767757,4.00000023015734,4.106396050187686,5.592738872145728,0.9841129970242387,8.55,True,249.19819398904883,0,0,0,2.5229015992272745,0.9706994972068508,5.73375341384564,2.9999999999999973,False,
current_position,1.0,7,True,True,20.950000000000003,1.357099770055935,3.9976843861291167,4.31178370703561,6.548102938549845,0.9881060413094026,8.650000000000002,True,250.41757340022562,0,0,0,3.436881824483518,3.5645019494927452,5.934959787427002,2.999999999999396,False,
current_position,1.0,19,True,True,20.950000000000003,1.3552391892125308,3.9899533911204856,4.2442997554602755,6.559352573320375,0.9879649082265177,8.650000000000002,True,247.3157788516302,0,0,0,3.436881824483518,3.578970849658595,10.356810841669096,2.999999999999396,False,
current_position,1.0,42,True,True,20.950000000000003,1.3556272374273293,4.000062738935901,4.220165644541818,6.5339005456088275,0.9875437739163084,8.650000000000002,True,246.0967787210308,0,0,0,3.436881824483518,3.5883357562179703,10.457355654823976,2.999999999999396,False,
current_position,1.0,73,True,True,20.950000000000003,1.3558184126930877,2.2959265489291285,4.201486173904365,6.513492644996218,0.9874077461813247,8.650000000000002,True,245.12869562555326,0,0,0,3.436881824483518,3.557842099475688,10.780880077681472,2.999999999999396,False,
current_position,1.0,91,True,True,20.950000000000003,1.3561839447207358,4.000062982971331,4.3112195444240715,6.548827537343755,0.9883344345229037,8.650000000000002,True,250.27308411934297,0,0,0,3.436881824483518,3.5756504358590036,6.107825548538064,2.999999999999396,False,
predicted_position,1.0,7,True,True,21.200000000000003,0.9555184034601092,3.9976843861291167,4.298051450887835,8.942668941394043,0.9950726115463716,8.700000000000003,True,252.62162472651718,0,0,0,7.98698692672661,2.271451985667653,6.857715572569969,2.999999999998524,False,
predicted_position,1.0,19,True,True,21.200000000000003,0.954938102756328,3.9899533911204856,4.231264987921928,8.954850782328792,0.994875565563581,8.700000000000003,True,249.51750614831025,0,0,0,7.98698692672661,2.286177228650644,10.886546915426361,2.999999999998524,False,
predicted_position,1.0,42,True,True,21.200000000000003,0.9545031438518199,4.000101161391469,4.20766358816494,8.927322373011155,0.9945174465420976,8.700000000000003,True,248.30275054547798,0,0,0,7.98698692672661,2.280622675510657,10.98236293909707,2.999999999998524,False,
predicted_position,1.0,73,True,True,21.200000000000003,0.9551371326332585,2.2959265489291285,4.189661271473054,8.904040986255248,0.9945923297658719,8.700000000000003,True,247.3352394247913,0,0,0,7.98698692672661,2.28521662453503,11.288545419225732,2.999999999998524,False,
predicted_position,1.0,91,True,True,21.200000000000003,0.954549777015764,4.000101619914117,4.297241094907128,8.944916290565217,0.9952143534090877,8.700000000000003,True,252.47403266106576,0,0,0,7.98698692672661,2.278657930539753,7.006141118663662,2.999999999998524,False,
current_position,1.5,7,True,True,23.0,0.9826476056755673,3.9976843861291167,3.998537013162752,14.93184604097238,0.9823062497114505,10.700000000000003,True,255.5758167647828,0,0,0,10.309125535327311,9.011846659904622,13.307428738949632,2.9999999999999543,False,
current_position,1.5,19,True,True,23.0,0.9826476056755673,3.9899533911204856,3.93727979143693,14.944784433463093,0.9822965269963132,10.700000000000003,True,252.47420521540522,0,0,0,10.309125535327311,9.011846659904622,15.656409358181714,2.9999999999999543,False,
current_position,1.5,42,True,True,23.0,0.9826476056755673,4.000000009820099,3.9168366523160603,14.912995978191153,0.982290930589341,10.700000000000003,True,251.27214705143376,0,0,0,10.309125535327311,9.011846659904622,15.720899964298743,2.9999999999999543,False,
current_position,1.5,73,True,True,23.0,0.9826476056755673,2.2959265489291285,3.9004497166312184,14.895803511821525,0.9822872400640441,10.700000000000003,True,250.31217785378308,0,0,0,10.309125535327311,9.011846659904622,15.93476614452863,2.9999999999999543,False,
current_position,1.5,91,True,True,23.0,0.9826476056755673,4.000000013817805,3.9972936477531382,14.919044059240743,0.9823047292253206,10.700000000000003,True,255.42675613153864,0,0,0,10.309125535327311,9.011846659904622,13.385608369173482,2.9999999999999543,False,
predicted_position,1.5,7,True,True,21.650000000000002,0.7492177447024042,3.9976843861291167,3.991946792063789,12.4964808085785,0.9872932370354632,10.100000000000001,True,251.35472590722873,0,0,0,7.698662882014798,8.045125130331137,7.918267607115733,2.9999999999999516,False,
predicted_position,1.5,19,True,True,21.650000000000002,0.7492177447024042,3.9899533911204856,3.926892736029544,12.462665338176041,0.9872762619351853,10.100000000000001,True,248.25069513805528,0,0,0,7.698662882014798,8.045125130331137,11.544653272772901,2.9999999999999516,False,
predicted_position,1.5,42,True,True,21.650000000000002,0.7492177447024042,4.000000017208002,3.9050504721988686,12.439254495317876,0.9872683480512058,10.100000000000001,True,247.03331352207118,0,0,0,7.698662882014798,8.045125130331137,11.630146913126955,2.9999999999999516,False,
predicted_position,1.5,73,True,True,21.650000000000002,0.7492177447024042,2.2959265489291285,3.88778233499746,12.464080077289905,0.9872641035829782,10.100000000000001,True,246.06415948290896,0,0,0,7.698662882014798,8.045125130331137,11.918332536833313,2.9999999999999516,False,
predicted_position,1.5,91,True,True,21.650000000000002,0.7492177447024042,4.000000024019234,3.9907059240510208,12.47372660650439,0.9872904721058857,10.100000000000001,True,251.2096929551061,0,0,0,7.698662882014798,8.045125130331137,8.050148283303125,2.9999999999999516,False,
